Auto update 1 on Thu Oct 16 09:18:12 UTC 2025
Auto update 2 on Thu Oct 16 09:18:14 UTC 2025
Auto update 3 on Thu Oct 16 09:18:16 UTC 2025
Auto update 4 on Thu Oct 16 09:18:19 UTC 2025
Auto update 1 on Fri Oct 17 09:17:56 UTC 2025
Auto update 2 on Fri Oct 17 09:17:58 UTC 2025
Auto update 3 on Fri Oct 17 09:18:00 UTC 2025
Auto update 4 on Fri Oct 17 09:18:02 UTC 2025
Auto update 5 on Fri Oct 17 09:18:04 UTC 2025
Auto update 1 on Sat Oct 18 09:14:50 UTC 2025
Auto update 2 on Sat Oct 18 09:14:52 UTC 2025
Auto update 3 on Sat Oct 18 09:14:54 UTC 2025
Auto update 4 on Sat Oct 18 09:14:56 UTC 2025
Auto update 1 on Sun Oct 19 09:14:28 UTC 2025
Auto update 2 on Sun Oct 19 09:14:30 UTC 2025
Auto update 3 on Sun Oct 19 09:14:32 UTC 2025
Auto update 4 on Sun Oct 19 09:14:34 UTC 2025
Auto update 5 on Sun Oct 19 09:14:36 UTC 2025
Auto update 6 on Sun Oct 19 09:14:38 UTC 2025
Auto update 1 on Mon Oct 20 09:19:19 UTC 2025
Auto update 2 on Mon Oct 20 09:19:21 UTC 2025
Auto update 3 on Mon Oct 20 09:19:23 UTC 2025
Auto update 4 on Mon Oct 20 09:19:25 UTC 2025
Auto update 5 on Mon Oct 20 09:19:27 UTC 2025
Auto update 6 on Mon Oct 20 09:19:29 UTC 2025
Auto update 7 on Mon Oct 20 09:19:31 UTC 2025
Auto update 8 on Mon Oct 20 09:19:33 UTC 2025
Auto update 9 on Mon Oct 20 09:19:35 UTC 2025
Auto update 1 on Tue Oct 21 09:18:05 UTC 2025
Auto update 2 on Tue Oct 21 09:18:07 UTC 2025
Auto update 3 on Tue Oct 21 09:18:10 UTC 2025
Auto update 4 on Tue Oct 21 09:18:12 UTC 2025
Auto update 5 on Tue Oct 21 09:18:14 UTC 2025
Auto update 1 on Wed Oct 22 09:19:11 UTC 2025
Auto update 2 on Wed Oct 22 09:19:13 UTC 2025
Auto update 3 on Wed Oct 22 09:19:16 UTC 2025
Auto update 4 on Wed Oct 22 09:19:18 UTC 2025
Auto update 1 on Thu Oct 23 09:18:14 UTC 2025
Auto update 2 on Thu Oct 23 09:18:16 UTC 2025
Auto update 3 on Thu Oct 23 09:18:18 UTC 2025
Auto update 4 on Thu Oct 23 09:18:20 UTC 2025
Auto update 5 on Thu Oct 23 09:18:22 UTC 2025
Auto update 6 on Thu Oct 23 09:18:24 UTC 2025
Auto update 7 on Thu Oct 23 09:18:26 UTC 2025
Auto update 8 on Thu Oct 23 09:18:28 UTC 2025
Auto update 1 on Fri Oct 24 09:18:12 UTC 2025
Auto update 2 on Fri Oct 24 09:18:14 UTC 2025
Auto update 3 on Fri Oct 24 09:18:17 UTC 2025
Auto update 4 on Fri Oct 24 09:18:19 UTC 2025
Auto update 5 on Fri Oct 24 09:18:21 UTC 2025
Auto update 6 on Fri Oct 24 09:18:23 UTC 2025
